序号,时间,日龄(天),目标(℃),阶段,需求(m3/h),实际(m3/h),舍内(℃),舍外(℃),舍内湿度(%),温度1,温度2,温度3,温度4,变速1,变速2,变速3,变速4,变速5,定速1,定速2,定速3,定速4,定速5,定速6,定速7,加热器1,加热器2,屋顶小窗1,滑帘1,报警器
1,2025/11/8 10:50,97,23.1,1,10100,25200,23,2.2,60,21.9,23.4,23.8,2.2,80,80,80,80,80,OFF,OFF,OFF,OFF,OFF,OFF,OFF,ON,ON,25,0,OFF
2,2025/11/8 10:40,97,23.1,1,10201,25200,23.5,2.6,60,22.3,23.7,24.6,2.6,80,80,80,80,80,OFF,OFF,OFF,OFF,OFF,OFF,OFF,OFF,OFF,25,0,OFF
3,2025/11/8 10:30,97,23.1,1,10100,25200,23,2.5,60,22.3,23,23.7,2.5,80,80,80,80,80,OFF,OFF,OFF,OFF,OFF,OFF,OFF,OFF,OFF,25,0,OFF
4,2025/11/8 10:20,97,23.1,1,10100,25200,22.6,2.2,60,22,22.2,23.6,2.2,80,80,80,80,80,OFF,OFF,OFF,OFF,OFF,OFF,OFF,ON,ON,25,0,OFF
5,2025/11/8 10:10,97,23.1,1,10201,25200,23.5,2.1,60,22.5,23.5,24.6,2.1,80,80,80,80,80,OFF,OFF,OFF,OFF,OFF,OFF,OFF,OFF,OFF,25,0,OFF
6,2025/11/8 10:00,97,23.1,1,10100,25200,23,2.1,59,22.6,23.3,23.2,2.1,80,80,80,80,80,OFF,OFF,OFF,OFF,OFF,OFF,OFF,OFF,OFF,25,0,OFF
7,2025/11/8 09:50,97,23.1,1,10100,25200,23.7,1.8,56,22.9,24,24.2,1.8,80,80,80,80,80,OFF,OFF,OFF,OFF,OFF,OFF,OFF,OFF,OFF,25,0,OFF
8,2025/11/8 09:40,97,23.1,1,10100,25200,23.3,1.8,55,22.5,23.7,23.8,1.8,80,80,80,80,80,OFF,OFF,OFF,OFF,OFF,OFF,OFF,OFF,OFF,25,0,OFF
9,2025/11/8 09:30,97,23.1,1,10100,25200,22.5,1.6,56,21.9,23,22.7,1.6,80,80,80,80,80,OFF,OFF,OFF,OFF,OFF,OFF,OFF,ON,ON,25,0,OFF
10,2025/11/8 09:20,97,23.1,1,10100,25200,23.2,1.3,55,22.3,23.8,23.7,1.3,80,80,80,80,80,OFF,OFF,OFF,OFF,OFF,OFF,OFF,ON,ON,25,0,OFF
11,2025/11/8 09:10,97,23.1,1,10100,25200,23.1,1.1,53,22.4,23.7,23.3,1.1,80,80,80,80,80,OFF,OFF,OFF,OFF,OFF,OFF,OFF,OFF,OFF,25,0,OFF
12,2025/11/8 09:00,97,23.1,1,10100,25200,22.5,0.7,54,21.8,23.2,22.7,0.7,80,80,80,80,80,OFF,OFF,OFF,OFF,OFF,OFF,OFF,ON,ON,25,0,OFF
13,2025/11/8 08:50,97,23.1,1,10100,25200,23.3,0.7,54,22.5,23.8,23.8,0.7,80,80,80,80,80,OFF,OFF,OFF,OFF,OFF,OFF,OFF,ON,ON,25,0,OFF
14,2025/11/8 08:40,97,23.1,1,10100,25200,22.5,0.4,53,22,23,22.6,0.4,80,80,80,80,80,OFF,OFF,OFF,OFF,OFF,OFF,OFF,ON,ON,25,0,OFF
15,2025/11/8 08:30,97,23.1,1,10100,25200,23,0,54,22.1,23.5,23.5,0,80,80,80,80,80,OFF,OFF,OFF,OFF,OFF,OFF,OFF,ON,ON,25,0,OFF
16,2025/11/8 08:20,97,23.1,1,10100,25200,23.1,0.1,54,22.2,23.8,23.5,0.1,80,80,80,80,80,OFF,OFF,OFF,OFF,OFF,OFF,OFF,OFF,OFF,25,0,OFF
17,2025/11/8 08:10,97,23.1,1,10100,25200,22.9,0.1,55,22,23.6,23.3,0.1,80,80,80,80,80,OFF,OFF,OFF,OFF,OFF,OFF,OFF,ON,ON,25,0,OFF
18,2025/11/8 08:00,97,23.1,1,10100,25200,23,-0.2,53,22.2,23.7,23.3,-0.2,80,80,80,80,80,OFF,OFF,OFF,OFF,OFF,OFF,OFF,OFF,OFF,25,0,OFF
19,2025/11/8 07:50,97,23.1,1,10100,25200,22.7,-0.5,55,21.9,23.4,23,-0.5,80,80,80,80,80,OFF,OFF,OFF,OFF,OFF,OFF,OFF,ON,ON,25,0,OFF
20,2025/11/8 07:40,97,23.1,1,10100,25200,23.5,-0.5,54,22.5,24,24,-0.5,80,80,80,80,80,OFF,OFF,OFF,OFF,OFF,OFF,OFF,OFF,OFF,25,0,OFF
21,2025/11/8 07:30,97,23.1,1,10100,25200,22.4,-0.9,54,21.7,22.9,22.7,-0.9,80,80,80,80,80,OFF,OFF,OFF,OFF,OFF,OFF,OFF,ON,ON,25,0,OFF
22,2025/11/8 07:20,97,23.1,1,10100,25200,23.3,-1,55,22.3,23.9,23.8,-1,80,80,80,80,80,OFF,OFF,OFF,OFF,OFF,OFF,OFF,ON,ON,25,0,OFF
23,2025/11/8 07:10,97,23.1,1,10100,25200,22.5,-1.2,55,21.8,23,22.9,-1.2,80,80,80,80,80,OFF,OFF,OFF,OFF,OFF,OFF,OFF,ON,ON,25,0,OFF
24,2025/11/8 07:00,97,23.1,1,10100,25200,23.4,-1.6,54,22.5,23.8,24,-1.6,80,80,80,80,80,OFF,OFF,OFF,OFF,OFF,OFF,OFF,ON,ON,25,0,OFF
25,2025/11/8 06:50,97,23.1,1,10100,25200,22.8,-1.7,51,22.1,23.3,23.1,-1.7,80,80,80,80,80,OFF,OFF,OFF,OFF,OFF,OFF,OFF,OFF,OFF,25,0,OFF
26,2025/11/8 06:40,97,23.1,1,10100,25200,23.2,-1.7,52,22.2,23.6,23.8,-1.7,80,80,80,80,80,OFF,OFF,OFF,OFF,OFF,OFF,OFF,ON,ON,25,0,OFF
27,2025/11/8 06:30,97,23.1,1,10100,25200,22.3,-1.9,51,21.7,22.7,22.5,-1.9,80,80,80,80,80,OFF,OFF,OFF,OFF,OFF,OFF,OFF,ON,ON,25,0,OFF
28,2025/11/8 06:20,97,23.1,1,10100,25200,23.3,-2,51,22.4,23.6,23.9,-2,80,80,80,80,80,OFF,OFF,OFF,OFF,OFF,OFF,OFF,ON,ON,25,0,OFF
29,2025/11/8 06:10,97,23.1,1,10100,25200,22.3,-2,51,21.6,22.8,22.7,-2,80,80,80,80,80,OFF,OFF,OFF,OFF,OFF,OFF,OFF,ON,ON,25,0,OFF
30,2025/11/8 06:00,97,23.1,1,10100,25200,23.4,-2,51,22.4,23.9,24,-2,80,80,80,80,80,OFF,OFF,OFF,OFF,OFF,OFF,OFF,ON,ON,25,0,OFF
31,2025/11/8 05:50,97,23.1,1,10100,25200,23,-2,51,22.1,23.6,23.4,-2,80,80,80,80,80,OFF,OFF,OFF,OFF,OFF,OFF,OFF,ON,ON,25,0,OFF
32,2025/11/8 05:40,97,23.1,1,10100,25200,22.2,-1.9,51,21.6,22.6,22.4,-1.9,80,80,80,80,80,OFF,OFF,OFF,OFF,OFF,OFF,OFF,ON,ON,25,0,OFF
33,2025/11/8 05:30,97,23.1,1,10100,25200,23.4,-1.8,51,22.5,23.8,23.9,-1.8,80,80,80,80,80,OFF,OFF,OFF,OFF,OFF,OFF,OFF,ON,ON,25,0,OFF
34,2025/11/8 05:20,97,23.1,1,10100,25200,23.1,-1.8,52,22.2,23.6,23.7,-1.8,80,80,80,80,80,OFF,OFF,OFF,OFF,OFF,OFF,OFF,ON,ON,25,0,OFF
35,2025/11/8 05:10,97,23.1,1,10100,25200,22.3,-1.8,51,21.7,22.7,22.7,-1.8,80,80,80,80,80,OFF,OFF,OFF,OFF,OFF,OFF,OFF,ON,ON,25,0,OFF
36,2025/11/8 05:00,97,23.1,1,10100,25200,23.2,-1.8,52,22.2,23.6,23.9,-1.8,80,80,80,80,80,OFF,OFF,OFF,OFF,OFF,OFF,OFF,ON,ON,25,0,OFF
37,2025/11/8 04:50,97,23.1,1,10100,25200,22.4,-1.8,52,21.6,22.9,22.7,-1.8,80,80,80,80,80,OFF,OFF,OFF,OFF,OFF,OFF,OFF,ON,ON,25,0,OFF
38,2025/11/8 04:40,97,23.1,1,10100,25200,23.3,-1.8,52,22.2,23.8,24,-1.8,80,80,80,80,80,OFF,OFF,OFF,OFF,OFF,OFF,OFF,ON,ON,25,0,OFF
39,2025/11/8 04:30,97,23.1,1,10100,25200,22.3,-1.9,52,21.5,22.8,22.6,-1.9,80,80,80,80,80,OFF,OFF,OFF,OFF,OFF,OFF,OFF,ON,ON,25,0,OFF
40,2025/11/8 04:20,97,23.1,1,10100,25200,23.3,-1.9,52,22.4,23.6,24,-1.9,80,80,80,80,80,OFF,OFF,OFF,OFF,OFF,OFF,OFF,ON,ON,25,0,OFF
41,2025/11/8 04:10,97,23.1,1,10100,25200,22.3,-2,52,21.5,22.9,22.6,-2,80,80,80,80,80,OFF,OFF,OFF,OFF,OFF,OFF,OFF,ON,ON,25,0,OFF
42,2025/11/8 04:00,97,23.1,1,10100,25200,23.3,-2,52,22.3,23.7,24,-2,80,80,80,80,80,OFF,OFF,OFF,OFF,OFF,OFF,OFF,ON,ON,25,0,OFF
43,2025/11/8 03:50,97,23.1,1,10100,25200,22.2,-2,52,21.5,22.7,22.5,-2,80,80,80,80,80,OFF,OFF,OFF,OFF,OFF,OFF,OFF,ON,ON,25,0,OFF
44,2025/11/8 03:40,97,23.1,1,10100,25200,23.3,-2.1,52,22.3,23.8,23.8,-2.1,80,80,80,80,80,OFF,OFF,OFF,OFF,OFF,OFF,OFF,ON,ON,25,0,OFF
45,2025/11/8 03:30,97,23.1,1,10100,25200,22.2,-2.2,51,21.5,22.9,22.4,-2.2,80,80,80,80,80,OFF,OFF,OFF,OFF,OFF,OFF,OFF,ON,ON,25,0,OFF
46,2025/11/8 03:20,97,23.1,1,10100,25200,23.3,-2.2,51,22.3,23.8,23.8,-2.2,80,80,80,80,80,OFF,OFF,OFF,OFF,OFF,OFF,OFF,ON,ON,25,0,OFF
47,2025/11/8 03:10,97,23.1,1,10100,25200,22.5,-2.1,51,21.8,23,22.7,-2.1,80,80,80,80,80,OFF,OFF,OFF,OFF,OFF,OFF,OFF,ON,ON,25,0,OFF
48,2025/11/8 03:00,97,23.1,1,10100,25200,23.4,-2,51,22.5,24,23.9,-2,80,80,80,80,80,OFF,OFF,OFF,OFF,OFF,OFF,OFF,ON,ON,25,0,OFF
49,2025/11/8 02:50,97,23.1,1,10100,25200,23.2,-2.1,51,22.2,23.8,23.7,-2.1,80,80,80,80,80,OFF,OFF,OFF,OFF,OFF,OFF,OFF,ON,ON,25,0,OFF
50,2025/11/8 02:40,97,23.1,1,10100,25200,22.5,-2.1,51,21.6,23.2,22.8,-2.1,80,80,80,80,80,OFF,OFF,OFF,OFF,OFF,OFF,OFF,ON,ON,25,0,OFF
51,2025/11/8 02:30,97,23.1,1,10100,25200,23.5,-2,51,22.5,24.1,23.9,-2,80,80,80,80,80,OFF,OFF,OFF,OFF,OFF,OFF,OFF,OFF,OFF,25,0,OFF
52,2025/11/8 02:20,97,23.1,1,10100,25200,23,-2,51,22.1,23.6,23.4,-2,80,80,80,80,80,OFF,OFF,OFF,OFF,OFF,OFF,OFF,ON,ON,25,0,OFF
53,2025/11/8 02:10,97,23.1,1,10100,25200,22.5,-2,50,21.9,23,22.7,-2,80,80,80,80,80,OFF,OFF,OFF,OFF,OFF,OFF,OFF,ON,ON,25,0,OFF
54,2025/11/8 02:00,97,23.1,1,10100,25200,23.3,-2.2,51,22.4,23.8,23.8,-2.2,80,80,80,80,80,OFF,OFF,OFF,OFF,OFF,OFF,OFF,ON,ON,25,0,OFF
55,2025/11/8 01:50,97,23.1,1,10100,25200,22.8,-2,50,22,23.4,23.1,-2,80,80,80,80,80,OFF,OFF,OFF,OFF,OFF,OFF,OFF,ON,ON,25,0,OFF
56,2025/11/8 01:40,97,23.1,1,10100,25200,23.5,-1.8,49,22.5,24.1,23.9,-1.8,80,80,80,80,80,OFF,OFF,OFF,OFF,OFF,OFF,OFF,OFF,OFF,25,0,OFF
57,2025/11/8 01:30,97,23.1,1,10100,25200,22.6,-1.4,48,21.9,23.3,22.7,-1.4,80,80,80,80,80,OFF,OFF,OFF,OFF,OFF,OFF,OFF,ON,ON,25,0,OFF
58,2025/11/8 01:20,97,23.1,1,10100,25200,23.4,-1.1,46,22.5,24.2,23.7,-1.1,80,80,80,80,80,OFF,OFF,OFF,OFF,OFF,OFF,OFF,ON,ON,25,0,OFF
59,2025/11/8 01:10,97,23.1,1,10100,25200,22.7,-0.6,48,21.8,23.5,22.8,-0.6,80,80,80,80,80,OFF,OFF,OFF,OFF,OFF,OFF,OFF,ON,ON,25,0,OFF
60,2025/11/8 01:00,97,23.1,1,10100,25200,23.4,-0.6,47,22.5,24.3,23.6,-0.6,80,80,80,80,80,OFF,OFF,OFF,OFF,OFF,OFF,OFF,ON,ON,25,0,OFF
61,2025/11/8 00:50,97,23.1,1,10100,25200,23.4,-0.6,47,22.5,24.2,23.5,-0.6,80,80,80,80,80,OFF,OFF,OFF,OFF,OFF,OFF,OFF,ON,ON,25,0,OFF
62,2025/11/8 00:40,97,23.1,1,10100,25200,23.3,-0.6,48,22.3,24.1,23.5,-0.6,80,80,80,80,80,OFF,OFF,OFF,OFF,OFF,OFF,OFF,ON,ON,25,0,OFF
63,2025/11/8 00:30,97,23.1,1,10100,25200,23.1,-0.6,48,22,23.9,23.4,-0.6,80,80,80,80,80,OFF,OFF,OFF,OFF,OFF,OFF,OFF,ON,ON,25,0,OFF
64,2025/11/8 00:20,97,23.1,1,10100,25200,22.8,-0.6,50,21.9,23.6,23,-0.6,80,80,80,80,80,OFF,OFF,OFF,OFF,OFF,OFF,OFF,ON,ON,25,0,OFF
65,2025/11/8 00:10,97,23.1,1,10100,25200,23.4,-0.7,50,22.5,24.1,23.7,-0.7,80,80,80,80,80,OFF,OFF,OFF,OFF,OFF,OFF,OFF,OFF,OFF,25,0,OFF
66,2025/11/8 00:00,97,23.2,1,10100,25200,22.8,-0.6,51,22,23.5,23,-0.6,80,80,80,80,80,OFF,OFF,OFF,OFF,OFF,OFF,OFF,ON,ON,25,0,OFF
67,2025/11/7 23:50,96,23.2,1,10100,25200,23.6,-0.8,50,22.6,24.3,23.9,-0.8,80,80,80,80,80,OFF,OFF,OFF,OFF,OFF,OFF,OFF,OFF,OFF,25,0,OFF
68,2025/11/7 23:40,96,23.2,1,10100,25200,22.4,-0.8,45,21.6,23.2,22.4,-0.8,80,80,80,80,80,OFF,OFF,OFF,OFF,OFF,OFF,OFF,ON,ON,25,0,OFF
69,2025/11/7 23:30,96,23.2,1,10100,25200,23.5,-0.7,46,22.6,24.3,23.8,-0.7,80,80,80,80,80,OFF,OFF,OFF,OFF,OFF,OFF,OFF,ON,ON,25,0,OFF
70,2025/11/7 23:20,96,23.2,1,10100,25200,23.4,-0.6,46,22.5,24.2,23.7,-0.6,80,80,80,80,80,OFF,OFF,OFF,OFF,OFF,OFF,OFF,ON,ON,25,0,OFF
71,2025/11/7 23:10,96,23.2,1,10100,25200,23.4,-0.7,47,22.5,24.2,23.6,-0.7,80,80,80,80,80,OFF,OFF,OFF,OFF,OFF,OFF,OFF,ON,ON,25,0,OFF
72,2025/11/7 23:00,96,23.2,1,10100,25200,23.3,-0.6,48,22.3,24.1,23.5,-0.6,80,80,80,80,80,OFF,OFF,OFF,OFF,OFF,OFF,OFF,ON,ON,25,0,OFF
73,2025/11/7 22:50,96,23.2,1,10100,25200,23.3,-0.6,50,22.1,24.2,23.6,-0.6,80,80,80,80,80,OFF,OFF,OFF,OFF,OFF,OFF,OFF,ON,ON,25,0,OFF
74,2025/11/7 22:40,96,23.2,1,10100,25200,23.2,-0.6,51,22.1,24,23.5,-0.6,80,80,80,80,80,OFF,OFF,OFF,OFF,OFF,OFF,OFF,ON,ON,25,0,OFF
75,2025/11/7 22:30,96,23.2,1,10100,25200,22.6,-0.5,48,21.7,23.3,22.8,-0.5,80,80,80,80,80,OFF,OFF,OFF,OFF,OFF,OFF,OFF,ON,ON,25,0,OFF
76,2025/11/7 22:20,96,23.2,1,10100,25200,23.4,-0.5,47,22.3,24.2,23.9,-0.5,80,80,80,80,80,OFF,OFF,OFF,OFF,OFF,OFF,OFF,ON,ON,25,0,OFF
77,2025/11/7 22:10,96,23.2,1,10100,25200,23.4,-0.5,48,22.4,24.1,23.8,-0.5,80,80,80,80,80,OFF,OFF,OFF,OFF,OFF,OFF,OFF,ON,ON,25,0,OFF
78,2025/11/7 22:00,96,23.2,1,10100,25200,23.1,-0.4,48,22.1,23.8,23.5,-0.4,80,80,80,80,80,OFF,OFF,OFF,OFF,OFF,OFF,OFF,ON,ON,25,0,OFF
79,2025/11/7 21:50,96,23.2,1,10100,25200,22.3,-0.4,48,21.7,22.9,22.5,-0.4,80,80,80,80,80,OFF,OFF,OFF,OFF,OFF,OFF,OFF,ON,ON,25,0,OFF
80,2025/11/7 21:40,96,23.2,1,10100,25200,23.4,-0.4,48,22.5,24.1,23.8,-0.4,80,80,80,80,80,OFF,OFF,OFF,OFF,OFF,OFF,OFF,ON,ON,25,0,OFF
81,2025/11/7 21:30,96,23.2,1,10100,25200,23.3,-0.3,50,22.3,24,23.6,-0.3,80,80,80,80,80,OFF,OFF,OFF,OFF,OFF,OFF,OFF,ON,ON,25,0,OFF
82,2025/11/7 21:20,96,23.2,1,10100,25200,23,-0.3,51,22,23.7,23.3,-0.3,80,80,80,80,80,OFF,OFF,OFF,OFF,OFF,OFF,OFF,ON,ON,25,0,OFF
83,2025/11/7 21:10,96,23.2,1,10100,25200,22.7,-0.3,50,21.9,23.1,23.3,-0.3,80,80,80,80,80,OFF,OFF,OFF,OFF,OFF,OFF,OFF,ON,ON,25,0,OFF
84,2025/11/7 21:00,96,23.2,1,10100,25200,23.3,-0.3,50,22.3,24,23.7,-0.3,80,80,80,80,80,OFF,OFF,OFF,OFF,OFF,OFF,OFF,ON,ON,25,0,OFF
85,2025/11/7 20:50,96,23.2,1,10100,25200,23,-0.3,50,22.1,23.7,23.3,-0.3,80,80,80,80,80,OFF,OFF,OFF,OFF,OFF,OFF,OFF,ON,ON,25,0,OFF
86,2025/11/7 20:40,96,23.2,1,10100,25200,22.4,-0.2,50,21.6,23,22.7,-0.2,80,80,80,80,80,OFF,OFF,OFF,OFF,OFF,OFF,OFF,ON,ON,25,0,OFF
87,2025/11/7 20:30,96,23.2,1,10100,25200,23.5,-0.2,51,22.6,24.1,23.9,-0.2,80,80,80,80,80,OFF,OFF,OFF,OFF,OFF,OFF,OFF,ON,ON,25,0,OFF
88,2025/11/7 20:20,96,23.2,1,10100,25200,23.3,-0.2,53,22.4,23.9,23.6,-0.2,80,80,80,80,80,OFF,OFF,OFF,OFF,OFF,OFF,OFF,ON,ON,25,0,OFF
89,2025/11/7 20:10,96,23.2,1,10100,25200,22.7,-0.1,54,21.9,23.3,23,-0.1,80,80,80,80,80,OFF,OFF,OFF,OFF,OFF,OFF,OFF,ON,ON,25,0,OFF
90,2025/11/7 20:00,96,23.2,1,10100,25200,23.6,0,53,22.7,24.1,24,0,80,80,80,80,80,OFF,OFF,OFF,OFF,OFF,OFF,OFF,ON,ON,25,0,OFF
91,2025/11/7 19:50,96,23.2,1,10100,25200,23.3,0,54,22.4,23.9,23.6,0,80,80,80,80,80,OFF,OFF,OFF,OFF,OFF,OFF,OFF,ON,ON,25,0,OFF
92,2025/11/7 19:40,96,23.2,1,10100,25200,22.7,0.1,55,21.9,23.3,22.9,0.1,80,80,80,80,80,OFF,OFF,OFF,OFF,OFF,OFF,OFF,ON,ON,25,0,OFF
93,2025/11/7 19:30,96,23.2,1,10100,25200,23.5,0,55,22.5,24.2,24,0,80,80,80,80,80,OFF,OFF,OFF,OFF,OFF,OFF,OFF,ON,ON,25,0,OFF
94,2025/11/7 19:20,96,23.2,1,10100,25200,22.6,0,56,21.9,23.4,22.6,0,80,80,80,80,80,OFF,OFF,OFF,OFF,OFF,OFF,OFF,ON,ON,25,0,OFF
95,2025/11/7 19:10,96,23.2,1,10100,25200,23.4,-0.1,55,22.5,24.1,23.7,-0.1,80,80,80,80,80,OFF,OFF,OFF,OFF,OFF,OFF,OFF,ON,ON,25,0,OFF
96,2025/11/7 19:00,96,23.2,1,10100,25200,23.3,-0.3,55,22.5,24,23.5,-0.3,80,80,80,80,80,OFF,OFF,OFF,OFF,OFF,OFF,OFF,ON,ON,25,0,OFF
97,2025/11/7 18:50,96,23.2,1,10100,25200,23.3,-0.4,55,22.4,23.9,23.8,-0.4,80,80,80,80,80,OFF,OFF,OFF,OFF,OFF,OFF,OFF,ON,ON,25,0,OFF
98,2025/11/7 18:40,96,23.2,1,10100,25200,23.2,-0.3,56,22.3,23.7,23.6,-0.3,80,80,80,80,80,OFF,OFF,OFF,OFF,OFF,OFF,OFF,ON,ON,25,0,OFF
99,2025/11/7 18:30,96,23.2,1,10100,25200,22.4,-0.2,56,21.8,22.9,22.5,-0.2,80,80,80,80,80,OFF,OFF,OFF,OFF,OFF,OFF,OFF,ON,ON,25,0,OFF
100,2025/11/7 18:20,96,23.2,1,10100,25200,23.5,-0.1,56,22.8,23.9,23.8,-0.1,80,80,80,80,80,OFF,OFF,OFF,OFF,OFF,OFF,OFF,ON,ON,25,0,OFF
101,2025/11/7 18:10,96,23.2,1,10100,25200,23.2,0,56,22.5,23.6,23.5,0,80,80,80,80,80,OFF,OFF,OFF,OFF,OFF,OFF,OFF,ON,ON,25,0,OFF
102,2025/11/7 18:00,96,23.2,1,10100,25200,22.8,0.1,56,22,23.3,23.1,0.1,80,80,80,80,80,OFF,OFF,OFF,OFF,OFF,OFF,OFF,ON,ON,25,0,OFF
103,2025/11/7 17:50,96,23.2,1,10100,25200,23.4,0.3,56,22.5,24,23.7,0.3,80,80,80,80,80,OFF,OFF,OFF,OFF,OFF,OFF,OFF,OFF,OFF,25,0,OFF
104,2025/11/7 17:40,96,23.2,1,10100,25200,23.3,0.6,57,22.5,23.7,23.7,0.6,80,80,80,80,80,OFF,OFF,OFF,OFF,OFF,OFF,OFF,ON,ON,25,0,OFF
105,2025/11/7 17:30,96,23.2,1,10100,25200,23,0.9,56,22.8,23.1,23.1,0.9,80,80,80,80,80,OFF,OFF,OFF,OFF,OFF,OFF,OFF,OFF,OFF,25,0,OFF
106,2025/11/7 17:20,96,23.2,1,10100,25200,23.4,1,55,22.6,23.8,23.9,1,80,80,80,80,80,OFF,OFF,OFF,OFF,OFF,OFF,OFF,ON,ON,25,0,OFF
107,2025/11/7 17:10,96,23.2,1,10100,25200,22.5,1.1,55,22.1,22.9,22.7,1.1,80,80,80,80,80,OFF,OFF,OFF,OFF,OFF,OFF,OFF,ON,ON,25,0,OFF
108,2025/11/7 17:00,96,23.2,1,10100,25200,23.2,1.2,55,22.3,23.6,23.8,1.2,80,80,80,80,80,OFF,OFF,OFF,OFF,OFF,OFF,OFF,ON,ON,25,0,OFF
109,2025/11/7 16:50,96,23.2,1,10100,25200,23.2,1.3,54,22.5,23.7,23.6,1.3,80,80,80,80,80,OFF,OFF,OFF,OFF,OFF,OFF,OFF,OFF,OFF,25,0,OFF
110,2025/11/7 16:40,96,23.2,1,10100,25200,22.7,1.4,55,22,23.1,23.1,1.4,80,80,80,80,80,OFF,OFF,OFF,OFF,OFF,OFF,OFF,ON,ON,25,0,OFF
111,2025/11/7 16:30,96,23.2,1,10100,25200,23.5,1.6,54,22.6,23.8,24.1,1.6,80,80,80,80,80,OFF,OFF,OFF,OFF,OFF,OFF,OFF,ON,ON,25,0,OFF
112,2025/11/7 16:20,96,23.2,1,10100,25200,22.7,1.8,52,22.3,23.1,22.9,1.8,80,80,80,80,80,OFF,OFF,OFF,OFF,OFF,OFF,OFF,ON,ON,25,0,OFF
113,2025/11/7 16:10,96,23.2,1,10100,25200,23,2,53,22.1,23.4,23.5,2,80,80,80,80,80,OFF,OFF,OFF,OFF,OFF,OFF,OFF,ON,ON,25,0,OFF
114,2025/11/7 16:00,96,23.2,1,10100,25200,23.6,2.3,51,22.6,24.2,24,2.3,80,80,80,80,80,OFF,OFF,OFF,OFF,OFF,OFF,OFF,OFF,OFF,25,0,OFF
115,2025/11/7 15:50,96,23.2,1,10100,25200,22.5,2.6,51,21.8,22.8,23,2.6,80,80,80,80,80,OFF,OFF,OFF,OFF,OFF,OFF,OFF,ON,ON,25,0,OFF
116,2025/11/7 15:40,96,23.2,1,10100,25200,23.4,3.1,53,22.5,23.8,23.9,3.1,80,80,80,80,80,OFF,OFF,OFF,OFF,OFF,OFF,OFF,ON,ON,25,0,OFF
117,2025/11/7 15:30,96,23.2,1,10100,25200,22.9,3.5,52,22.1,23.2,23.4,3.5,80,80,80,80,80,OFF,OFF,OFF,OFF,OFF,OFF,OFF,OFF,OFF,25,0,OFF
118,2025/11/7 15:20,96,23.2,1,10100,25200,22.9,4.1,53,22.1,23.3,23.3,4.1,80,80,80,80,80,OFF,OFF,OFF,OFF,OFF,OFF,OFF,ON,ON,25,0,OFF
119,2025/11/7 15:10,96,23.2,1,10100,25200,23.7,4.5,53,22.7,24,24.4,4.5,80,80,80,80,80,OFF,OFF,OFF,OFF,OFF,OFF,OFF,OFF,OFF,25,0,OFF
120,2025/11/7 15:00,96,23.2,1,10100,25200,22.8,6.1,53,22.3,23,23.3,6.1,80,80,80,80,80,OFF,OFF,OFF,OFF,OFF,OFF,OFF,OFF,OFF,25,0,OFF
121,2025/11/7 14:50,96,23.2,1,10100,25200,22.9,5.9,55,22.2,23.2,23.5,5.9,80,80,80,80,80,OFF,OFF,OFF,OFF,OFF,OFF,OFF,ON,ON,25,0,OFF
122,2025/11/7 14:40,96,23.2,1,10100,25200,23.7,5.3,56,22.9,23.9,24.3,5.3,80,80,80,80,80,OFF,OFF,OFF,OFF,OFF,OFF,OFF,OFF,OFF,25,0,OFF
123,2025/11/7 14:30,96,23.2,1,10100,25200,23.2,5.2,55,22.8,23.3,23.7,5.2,80,80,80,80,80,OFF,OFF,OFF,OFF,OFF,OFF,OFF,OFF,OFF,25,0,OFF
124,2025/11/7 14:20,96,23.2,1,10100,25200,22.9,4.9,55,22.6,22.7,23.6,4.9,80,80,80,80,80,OFF,OFF,OFF,OFF,OFF,OFF,OFF,ON,ON,25,0,OFF
125,2025/11/7 14:10,96,23.2,1,10100,25200,23.2,4.1,53,22.7,23.5,23.6,4.1,80,80,80,80,80,OFF,OFF,OFF,OFF,OFF,OFF,OFF,OFF,OFF,25,0,OFF
126,2025/11/7 14:00,96,23.2,1,10100,25200,23.1,4.2,51,22.3,23.5,23.6,4.2,80,80,80,80,80,OFF,OFF,OFF,OFF,OFF,OFF,OFF,ON,ON,25,0,OFF
127,2025/11/7 13:50,96,23.2,1,10100,25200,23.5,4.6,51,22.7,24.1,23.9,4.6,80,80,80,80,80,OFF,OFF,OFF,OFF,OFF,OFF,OFF,OFF,OFF,25,0,OFF
128,2025/11/7 13:40,96,23.2,1,10100,25200,22.8,5.1,49,22.2,23,23.3,5.1,80,80,80,80,80,OFF,OFF,OFF,OFF,OFF,OFF,OFF,OFF,OFF,25,0,OFF
129,2025/11/7 13:30,96,23.2,1,10100,25200,23.1,5,50,22.3,23.4,23.7,5,80,80,80,80,80,OFF,OFF,OFF,OFF,OFF,OFF,OFF,ON,ON,25,0,OFF
130,2025/11/7 13:20,96,23.2,1,10100,25200,23.7,5.1,50,22.8,24.1,24.3,5.1,80,80,80,80,80,OFF,OFF,OFF,OFF,OFF,OFF,OFF,OFF,OFF,25,0,OFF
131,2025/11/7 13:10,96,23.2,1,10100,25200,23.1,5.2,50,22.5,23.4,23.5,5.2,80,80,80,80,80,OFF,OFF,OFF,OFF,OFF,OFF,OFF,OFF,OFF,25,0,OFF
132,2025/11/7 13:00,96,23.2,1,10100,25200,22.8,4.7,50,22.2,23.2,23.2,4.7,80,80,80,80,80,OFF,OFF,OFF,OFF,OFF,OFF,OFF,ON,ON,25,0,OFF
133,2025/11/7 12:50,96,23.2,1,10100,25200,23.7,5,50,22.7,24.2,24.2,5,80,80,80,80,80,OFF,OFF,OFF,OFF,OFF,OFF,OFF,OFF,OFF,25,0,OFF
134,2025/11/7 12:40,96,23.2,1,10100,25200,22.8,4.9,49,22.2,23.3,23.1,4.9,80,80,80,80,80,OFF,OFF,OFF,OFF,OFF,OFF,OFF,OFF,OFF,25,0,OFF
135,2025/11/7 12:30,96,23.2,1,10100,25200,22.7,4.6,50,22.2,23,23.1,4.6,80,80,80,80,80,OFF,OFF,OFF,OFF,OFF,OFF,OFF,ON,ON,25,0,OFF
136,2025/11/7 12:20,96,23.2,1,10100,25200,23.4,4.8,51,22.6,23.7,24.1,4.8,80,80,80,80,80,OFF,OFF,OFF,OFF,OFF,OFF,OFF,ON,ON,25,0,OFF
137,2025/11/7 12:10,96,23.2,1,10100,25200,23.2,4.5,50,22.6,23.6,23.6,4.5,80,80,80,80,80,OFF,OFF,OFF,OFF,OFF,OFF,OFF,OFF,OFF,25,0,OFF
138,2025/11/7 12:00,96,23.2,1,10100,25200,22.6,4.5,50,22.4,22.7,22.9,4.5,80,80,80,80,80,OFF,OFF,OFF,OFF,OFF,OFF,OFF,ON,ON,25,0,OFF
139,2025/11/7 11:50,96,23.2,1,10100,25200,23.3,4.1,50,22.4,23.7,23.8,4.1,80,80,80,80,80,OFF,OFF,OFF,OFF,OFF,OFF,OFF,ON,ON,25,0,OFF
140,2025/11/7 11:40,96,23.2,1,10100,25200,23.6,3.6,50,22.7,24.2,24,3.6,80,80,80,80,80,OFF,OFF,OFF,OFF,OFF,OFF,OFF,OFF,OFF,25,0,OFF
141,2025/11/7 11:30,96,23.2,1,10100,25200,22.9,3.6,50,22.1,23.4,23.4,3.6,80,80,80,80,80,OFF,OFF,OFF,OFF,OFF,OFF,OFF,OFF,OFF,25,0,OFF
142,2025/11/7 11:20,96,23.2,1,10100,25200,22.7,3.2,50,21.8,23.1,23.3,3.2,80,80,80,80,80,OFF,OFF,OFF,OFF,OFF,OFF,OFF,ON,ON,25,0,OFF
143,2025/11/7 11:10,96,23.2,1,10100,25200,23.4,3.1,50,22.4,23.9,24.1,3.1,80,80,80,80,80,OFF,OFF,OFF,OFF,OFF,OFF,OFF,ON,ON,25,0,OFF
144,2025/11/7 11:00,96,23.2,1,10100,25200,23.4,2.9,50,22.5,23.9,24,2.9,80,80,80,80,80,OFF,OFF,OFF,OFF,OFF,OFF,OFF,OFF,OFF,25,0,OFF
145,2025/11/7 10:50,96,23.2,1,10100,25200,22.6,2.6,50,21.9,22.8,23.1,2.6,80,80,80,80,80,OFF,OFF,OFF,OFF,OFF,OFF,OFF,ON,ON,25,0,OFF
146,2025/11/7 10:40,96,23.2,1,10100,25200,23.4,2.3,51,22.5,23.7,24,2.3,80,80,80,80,80,OFF,OFF,OFF,OFF,OFF,OFF,OFF,ON,ON,25,0,OFF
147,2025/11/7 10:30,96,23.2,1,10100,25200,23.5,2.1,50,22.6,23.9,24.1,2.1,80,80,80,80,80,OFF,OFF,OFF,OFF,OFF,OFF,OFF,OFF,OFF,25,0,OFF
148,2025/11/7 10:20,96,23.2,1,10100,25200,22.7,1.9,50,22.1,23.2,22.9,1.9,80,80,80,80,80,OFF,OFF,OFF,OFF,OFF,OFF,OFF,ON,ON,25,0,OFF
149,2025/11/7 10:10,96,23.2,1,10100,25200,23,1.9,51,22.1,23.4,23.5,1.9,80,80,80,80,80,OFF,OFF,OFF,OFF,OFF,OFF,OFF,ON,ON,25,0,OFF
150,2025/11/7 10:00,96,23.2,1,10100,25200,23.6,1.7,51,22.6,24.1,24.3,1.7,80,80,80,80,80,OFF,OFF,OFF,OFF,OFF,OFF,OFF,OFF,OFF,25,0,OFF
151,2025/11/7 09:50,96,23.2,1,10100,25200,23.1,1.7,50,22.3,23.5,23.6,1.7,80,80,80,80,80,OFF,OFF,OFF,OFF,OFF,OFF,OFF,OFF,OFF,25,0,OFF
152,2025/11/7 09:40,96,23.2,1,10100,25200,22.6,1.2,51,21.9,23,23.1,1.2,80,80,80,80,80,OFF,OFF,OFF,OFF,OFF,OFF,OFF,ON,ON,25,0,OFF
153,2025/11/7 09:30,96,23.2,1,10100,25200,23.2,1.1,51,22.2,23.8,23.8,1.1,80,80,80,80,80,OFF,OFF,OFF,OFF,OFF,OFF,OFF,ON,ON,25,0,OFF
154,2025/11/7 09:20,96,23.2,1,10100,25200,23.5,1,50,22.6,24,24.1,1,80,80,80,80,80,OFF,OFF,OFF,OFF,OFF,OFF,OFF,OFF,OFF,25,0,OFF
155,2025/11/7 09:10,96,23.2,1,10100,25200,22.5,0.6,51,21.8,22.8,22.9,0.6,80,80,80,80,80,OFF,OFF,OFF,OFF,OFF,OFF,OFF,ON,ON,25,0,OFF
156,2025/11/7 09:00,96,23.2,1,10100,25200,23.2,0.3,51,22.1,23.7,23.9,0.3,80,80,80,80,80,OFF,OFF,OFF,OFF,OFF,OFF,OFF,ON,ON,25,0,OFF
157,2025/11/7 08:50,96,23.2,1,10100,25200,23.5,-0.2,50,22.5,24,24.2,-0.2,80,80,80,80,80,OFF,OFF,OFF,OFF,OFF,OFF,OFF,OFF,OFF,25,0,OFF
158,2025/11/7 08:40,96,23.2,1,10100,25200,22.8,-0.3,51,21.7,23.3,23.5,-0.3,80,80,80,80,80,OFF,OFF,OFF,OFF,OFF,OFF,OFF,ON,ON,25,0,OFF
159,2025/11/7 08:30,96,23.2,1,10100,25200,23.5,-0.3,51,22.3,24.1,24.3,-0.3,80,80,80,80,80,OFF,OFF,OFF,OFF,OFF,OFF,OFF,ON,ON,25,0,OFF
160,2025/11/7 08:20,96,23.2,1,10100,25200,22.4,-0.5,51,21.5,23.1,22.8,-0.5,80,80,80,80,80,OFF,OFF,OFF,OFF,OFF,OFF,OFF,ON,ON,25,0,OFF
161,2025/11/7 08:10,96,23.2,1,10100,25200,23.3,-0.7,51,22.2,23.9,23.9,-0.7,80,80,80,80,80,OFF,OFF,OFF,OFF,OFF,OFF,OFF,ON,ON,25,0,OFF
162,2025/11/7 08:00,96,23.2,1,10100,25200,22.4,-1.1,50,21.6,22.9,22.7,-1.1,80,80,80,80,80,OFF,OFF,OFF,OFF,OFF,OFF,OFF,ON,ON,25,0,OFF
163,2025/11/7 07:50,96,23.2,1,10100,25200,23.5,-1.3,50,22.5,24.1,23.9,-1.3,80,80,80,80,80,OFF,OFF,OFF,OFF,OFF,OFF,OFF,ON,ON,25,0,OFF
164,2025/11/7 07:40,96,23.2,1,10100,25200,23.3,-1.4,51,22.3,24,23.8,-1.4,80,80,80,80,80,OFF,OFF,OFF,OFF,OFF,OFF,OFF,ON,ON,25,0,OFF
165,2025/11/7 07:30,96,23.2,1,10100,25200,23.5,-1.6,52,22.5,24.1,23.9,-1.6,80,80,80,80,80,OFF,OFF,OFF,OFF,OFF,OFF,OFF,ON,ON,25,0,OFF
166,2025/11/7 07:20,96,23.2,1,10100,25200,23.4,-1.8,53,22.4,24,23.9,-1.8,80,80,80,80,80,OFF,OFF,OFF,OFF,OFF,OFF,OFF,ON,ON,25,0,OFF
167,2025/11/7 07:10,96,23.2,1,10100,25200,22.9,-1.9,53,21.9,23.4,23.5,-1.9,80,80,80,80,80,OFF,OFF,OFF,OFF,OFF,OFF,OFF,ON,ON,25,0,OFF
168,2025/11/7 07:00,96,23.2,1,10100,25200,23.4,-2.1,51,22.3,23.8,24.1,-2.1,80,80,80,80,80,OFF,OFF,OFF,OFF,OFF,OFF,OFF,OFF,OFF,25,0,OFF
169,2025/11/7 06:50,96,23.2,1,10100,25200,22.9,-2.2,51,21.8,23.5,23.6,-2.2,80,80,80,80,80,OFF,OFF,OFF,OFF,OFF,OFF,OFF,ON,ON,25,0,OFF
170,2025/11/7 06:40,96,23.2,1,10100,25200,22.9,-2.2,49,21.9,23.4,23.6,-2.2,80,80,80,80,80,OFF,OFF,OFF,OFF,OFF,OFF,OFF,OFF,OFF,25,0,OFF
171,2025/11/7 06:30,96,23.2,1,10100,25200,23.4,-2.1,50,22.3,24,24.1,-2.1,80,80,80,80,80,OFF,OFF,OFF,OFF,OFF,OFF,OFF,ON,ON,25,0,OFF
172,2025/11/7 06:20,96,23.2,1,10100,25200,23.4,-2,50,22.3,23.8,24.1,-2,80,80,80,80,80,OFF,OFF,OFF,OFF,OFF,OFF,OFF,ON,ON,25,0,OFF
173,2025/11/7 06:10,96,23.2,1,10100,25200,23.4,-1.8,50,22.4,24,24,-1.8,80,80,80,80,80,OFF,OFF,OFF,OFF,OFF,OFF,OFF,ON,ON,25,0,OFF
174,2025/11/7 06:00,96,23.2,1,10100,25200,23.2,-1.7,50,22.1,23.8,23.7,-1.7,80,80,80,80,80,OFF,OFF,OFF,OFF,OFF,OFF,OFF,ON,ON,25,0,OFF
175,2025/11/7 05:50,96,23.2,1,10100,25200,22.4,-1.5,50,21.6,23,22.7,-1.5,80,80,80,80,80,OFF,OFF,OFF,OFF,OFF,OFF,OFF,ON,ON,25,0,OFF
176,2025/11/7 05:40,96,23.2,1,10100,25200,23.5,-1.3,50,22.5,24.1,23.9,-1.3,80,80,80,80,80,OFF,OFF,OFF,OFF,OFF,OFF,OFF,ON,ON,25,0,OFF
177,2025/11/7 05:30,96,23.2,1,10100,25200,23.3,-1.1,50,22.2,23.9,23.8,-1.1,80,80,80,80,80,OFF,OFF,OFF,OFF,OFF,OFF,OFF,ON,ON,25,0,OFF
178,2025/11/7 05:20,96,23.2,1,10100,25200,22.5,-1,50,21.6,23,23,-1,80,80,80,80,80,OFF,OFF,OFF,OFF,OFF,OFF,OFF,ON,ON,25,0,OFF
179,2025/11/7 05:10,96,23.2,1,10100,25200,23.5,-0.8,50,22.4,24.1,24.1,-0.8,80,80,80,80,80,OFF,OFF,OFF,OFF,OFF,OFF,OFF,ON,ON,25,0,OFF
180,2025/11/7 05:00,96,23.2,1,10100,25200,23.3,-0.6,51,22.2,23.9,24,-0.6,80,80,80,80,80,OFF,OFF,OFF,OFF,OFF,OFF,OFF,ON,ON,25,0,OFF
181,2025/11/7 04:50,96,23.2,1,10100,25200,22.9,-0.5,51,21.9,23.4,23.4,-0.5,80,80,80,80,80,OFF,OFF,OFF,OFF,OFF,OFF,OFF,ON,ON,25,0,OFF
182,2025/11/7 04:40,96,23.2,1,10100,25200,23.5,-0.4,50,22.4,24.1,24.1,-0.4,80,80,80,80,80,OFF,OFF,OFF,OFF,OFF,OFF,OFF,OFF,OFF,25,0,OFF
183,2025/11/7 04:30,96,23.2,1,10100,25200,23.2,-0.3,51,22,24,23.7,-0.3,80,80,80,80,80,OFF,OFF,OFF,OFF,OFF,OFF,OFF,ON,ON,25,0,OFF
184,2025/11/7 04:20,96,23.2,1,10100,25200,22.3,-0.2,50,21.4,23,22.7,-0.2,80,80,80,80,80,OFF,OFF,OFF,OFF,OFF,OFF,OFF,ON,ON,25,0,OFF
185,2025/11/7 04:10,96,23.2,1,10100,25200,23.5,-0.1,51,22.4,24.3,23.9,-0.1,80,80,80,80,80,OFF,OFF,OFF,OFF,OFF,OFF,OFF,ON,ON,25,0,OFF
186,2025/11/7 04:00,96,23.2,1,10100,25200,23.4,0,51,22.5,24,23.8,0,80,80,80,80,80,OFF,OFF,OFF,OFF,OFF,OFF,OFF,ON,ON,25,0,OFF
187,2025/11/7 03:50,96,23.2,1,10100,25200,22.5,0.1,51,21.7,23.1,22.8,0.1,80,80,80,80,80,OFF,OFF,OFF,OFF,OFF,OFF,OFF,ON,ON,25,0,OFF
188,2025/11/7 03:40,96,23.2,1,10100,25200,23.4,0.2,51,22.4,24.2,23.8,0.2,80,80,80,80,80,OFF,OFF,OFF,OFF,OFF,OFF,OFF,ON,ON,25,0,OFF
189,2025/11/7 03:30,96,23.2,1,10100,25200,22.5,0.4,52,21.6,23.2,22.8,0.4,80,80,80,80,80,OFF,OFF,OFF,OFF,OFF,OFF,OFF,ON,ON,25,0,OFF
190,2025/11/7 03:20,96,23.2,1,10100,25200,23.3,0.4,52,22.2,24,23.8,0.4,80,80,80,80,80,OFF,OFF,OFF,OFF,OFF,OFF,OFF,ON,ON,25,0,OFF
191,2025/11/7 03:10,96,23.2,1,10100,25200,22.5,0.5,52,21.9,23,22.7,0.5,80,80,80,80,80,OFF,OFF,OFF,OFF,OFF,OFF,OFF,ON,ON,25,0,OFF
192,2025/11/7 03:00,96,23.2,1,10100,25200,23.3,0.7,53,22.4,23.9,23.6,0.7,80,80,80,80,80,OFF,OFF,OFF,OFF,OFF,OFF,OFF,ON,ON,25,0,OFF
193,2025/11/7 02:50,96,23.2,1,10100,25200,23.3,0.8,52,22.5,23.9,23.5,0.8,80,80,80,80,80,OFF,OFF,OFF,OFF,OFF,OFF,OFF,OFF,OFF,25,0,OFF
194,2025/11/7 02:40,96,23.2,1,10100,25200,22.8,1,52,22,23.5,23,1,80,80,80,80,80,OFF,OFF,OFF,OFF,OFF,OFF,OFF,ON,ON,25,0,OFF
195,2025/11/7 02:30,96,23.2,1,10100,25200,23.5,1.1,52,22.6,24.3,23.8,1.1,80,80,80,80,80,OFF,OFF,OFF,OFF,OFF,OFF,OFF,ON,ON,25,0,OFF
196,2025/11/7 02:20,96,23.2,1,10100,25200,22.5,1.3,52,21.8,23.3,22.5,1.3,80,80,80,80,80,OFF,OFF,OFF,OFF,OFF,OFF,OFF,ON,ON,25,0,OFF
197,2025/11/7 02:10,96,23.2,1,10100,25200,23.4,1.3,53,22.5,24.3,23.5,1.3,80,80,80,80,80,OFF,OFF,OFF,OFF,OFF,OFF,OFF,ON,ON,25,0,OFF
198,2025/11/7 02:00,96,23.2,1,10100,25200,22.5,1.3,53,21.8,23.3,22.5,1.3,80,80,80,80,80,OFF,OFF,OFF,OFF,OFF,OFF,OFF,ON,ON,25,0,OFF
199,2025/11/7 01:50,96,23.2,1,10100,25200,23.5,1.5,53,22.5,24.3,23.7,1.5,80,80,80,80,80,OFF,OFF,OFF,OFF,OFF,OFF,OFF,ON,ON,25,0,OFF
200,2025/11/7 01:40,96,23.2,1,10100,25200,22.6,1.8,54,21.9,23.4,22.7,1.8,80,80,80,80,80,OFF,OFF,OFF,OFF,OFF,OFF,OFF,ON,ON,25,0,OFF
201,2025/11/7 01:30,96,23.2,1,10100,25200,23.5,2.1,53,22.6,24.2,23.8,2.1,80,80,80,80,80,OFF,OFF,OFF,OFF,OFF,OFF,OFF,ON,ON,25,0,OFF
202,2025/11/7 01:20,96,23.2,1,10100,25200,22.9,2.2,52,22.1,23.6,23.1,2.2,80,80,80,80,80,OFF,OFF,OFF,OFF,OFF,OFF,OFF,OFF,OFF,25,0,OFF
203,2025/11/7 01:10,96,23.2,1,10100,25200,22.9,2.3,53,22.3,23.6,23,2.3,80,80,80,80,80,OFF,OFF,OFF,OFF,OFF,OFF,OFF,ON,ON,25,0,OFF
204,2025/11/7 01:00,96,23.2,1,10100,25200,23.6,2.3,52,22.8,24.3,23.7,2.3,80,80,80,80,80,OFF,OFF,OFF,OFF,OFF,OFF,OFF,OFF,OFF,25,0,OFF
205,2025/11/7 00:50,96,23.2,1,10100,25200,22.5,2.4,52,22,23.3,22.4,2.4,80,80,80,80,80,OFF,OFF,OFF,OFF,OFF,OFF,OFF,ON,ON,25,0,OFF
206,2025/11/7 00:40,96,23.2,1,10100,25200,23.2,2.7,53,22.4,23.9,23.3,2.7,80,80,80,80,80,OFF,OFF,OFF,OFF,OFF,OFF,OFF,ON,ON,25,0,OFF
207,2025/11/7 00:30,96,23.2,1,10100,25200,23.5,2.9,52,22.7,24.2,23.6,2.9,80,80,80,80,80,OFF,OFF,OFF,OFF,OFF,OFF,OFF,OFF,OFF,25,0,OFF
208,2025/11/7 00:20,96,23.2,1,10100,25200,22.6,3.2,51,22,23.3,22.5,3.2,80,80,80,80,80,OFF,OFF,OFF,OFF,OFF,OFF,OFF,ON,ON,25,0,OFF
209,2025/11/7 00:10,96,23.2,1,10100,25200,23.3,3.5,53,22.6,24,23.4,3.5,80,80,80,80,80,OFF,OFF,OFF,OFF,OFF,OFF,OFF,ON,ON,25,0,OFF
210,2025/11/7 00:00,96,23.4,1,10100,25200,23.5,3.7,51,22.8,24.2,23.5,3.7,80,80,80,80,80,OFF,OFF,OFF,OFF,OFF,OFF,OFF,OFF,OFF,25,0,OFF